{
    "parameters": [
        [
            167903.57359272923,
            -28282.720337580682,
            77767.15069201498,
            14576.451443887065,
            18556.357523340226,
            3538.632811916454,
            8338.58915175578,
            -2243.7021646360117
        ]
    ],
    "mean": [
        4.128960404738553,
        79.73445212240868,
        3.1401017541195233,
        2.8403067810767713,
        0.25571417723441414,
        0.5072898473688208,
        0.713797554863695
    ],
    "std": [
        3.5733449551277943,
        46.7544096108923,
        3.7133151309066705,
        1.1548484448464569,
        0.43626189014836125,
        0.4999468553009829,
        0.4519851828703421
    ]
}